"Index","RACE_ETHNICITY","INCOME","INTRNTAVAIL","SCHLHRS","predicted_probability"
1,"White","1","1",1,0.194148218644188
1,"White","1","1",2,0.0523634875979678
1,"White","1","1",4,0.565571943573389
1,"White","1","1",3,0.187916350184456
2,"White","1","2",3,0.200466943924035
2,"White","1","2",1,0.235121706188778
2,"White","1","2",2,0.0593758565566326
2,"White","1","2",4,0.505035493330555
3,"White","1","3",2,0.065448911951204
3,"White","1","3",1,0.278858080911286
3,"White","1","3",3,0.207837178463438
3,"White","1","3",4,0.447855828674072
4,"White","1","4",2,0.0709217385534349
4,"White","1","4",3,0.210142641385621
4,"White","1","4",4,0.387294264986602
4,"White","1","4",1,0.331641355074342
5,"White","1","5",1,0.328136136242937
5,"White","1","5",2,0.0706193668074621
5,"White","1","5",4,0.391063598008388
5,"White","1","5",3,0.210180898941214
6,"White","2","1",4,0.581315509904046
6,"White","2","1",2,0.0504763535514325
6,"White","2","1",1,0.184275189375441
6,"White","2","1",3,0.183932947169081
7,"White","2","2",4,0.521115315332117
7,"White","2","2",2,0.0575592521032323
7,"White","2","2",3,0.197581866555501
7,"White","2","2",1,0.22374356600915
8,"White","2","3",2,0.0638244461373179
8,"White","2","3",3,0.206254695163849
8,"White","2","3",4,0.463821101232482
8,"White","2","3",1,0.266099757466352
9,"White","2","4",1,0.317531430948637
9,"White","2","4",2,0.0696523273425054
9,"White","2","4",4,0.40267510550808
9,"White","2","4",3,0.210141136200777
10,"White","2","5",4,0.40649481911626
10,"White","2","5",2,0.0693230170264842
10,"White","2","5",1,0.314105257330536
10,"White","2","5",3,0.210076906526719
11,"White","3","1",2,0.0482735389740581
11,"White","3","1",1,0.173235513034443
11,"White","3","1",4,0.599503566865129
11,"White","3","1",3,0.17898738112637
12,"White","3","2",1,0.210950864544569
12,"White","3","2",2,0.0553974618401962
12,"White","3","2",4,0.539848450574446
12,"White","3","2",3,0.193803223040789
13,"White","3","3",2,0.0618420034178837
13,"White","3","3",1,0.251670465337012
13,"White","3","3",4,0.482570086915684
13,"White","3","3",3,0.20391744432942
14,"White","3","4",2,0.0680355089418656
14,"White","3","4",3,0.209613029332539
14,"White","3","4",4,0.420892640320986
14,"White","3","4",1,0.301458821404609
15,"White","3","5",1,0.298130313021836
15,"White","3","5",2,0.0676776915990664
15,"White","3","5",4,0.424762277050791
15,"White","3","5",3,0.209429718328306
16,"White","4","1",2,0.046554725269414
16,"White","4","1",1,0.164946978266399
16,"White","4","1",4,0.613583450814322
16,"White","4","1",3,0.174914845649865
17,"White","4","2",2,0.0536815445697249
17,"White","4","2",3,0.190554311362149
17,"White","4","2",4,0.554466968777675
17,"White","4","2",1,0.201297175290451
18,"White","4","3",1,0.240721831028805
18,"White","4","3",2,0.0602336214964201
18,"White","4","3",4,0.497313868466801
18,"White","4","3",3,0.201730679007974
19,"White","4","4",4,0.435337452557034
19,"White","4","4",2,0.0666761853578861
19,"White","4","4",1,0.28918121581099
19,"White","4","4",3,0.20880514627409
20,"White","4","5",4,0.43923916458131
20,"White","4","5",2,0.0662983422877484
20,"White","4","5",3,0.208529713571544
20,"White","4","5",1,0.285932779559397
21,"White","5","1",2,0.0442310826852539
21,"White","5","1",3,0.169120782057331
21,"White","5","1",4,0.632499260790423
21,"White","5","1",1,0.154148874466993
22,"White","5","2",1,0.188657050852061
22,"White","5","2",2,0.0513235140278512
22,"White","5","2",4,0.574268751699308
22,"White","5","2",3,0.185750683420781
23,"White","5","3",4,0.517445101984268
23,"White","5","3",2,0.0579772887945413
23,"White","5","3",1,0.226307548159433
23,"White","5","3",3,0.198270061061759
24,"White","5","4",2,0.0647062270426698
24,"White","5","4",1,0.272908181520887
24,"White","5","4",4,0.455231851689084
24,"White","5","4",3,0.207153739747359
25,"White","5","5",1,0.269773167301176
25,"White","5","5",2,0.0643044473101299
25,"White","5","5",4,0.459166876093543
25,"White","5","5",3,0.206755509295151
26,"White","6","1",2,0.0416734921583291
26,"White","6","1",1,0.142750169567294
26,"White","6","1",4,0.653206217292553
26,"White","6","1",3,0.162370120981824
27,"White","6","2",2,0.0486798620637725
27,"White","6","2",3,0.179923028788741
27,"White","6","2",4,0.596161861853527
27,"White","6","2",1,0.17523524729396
28,"White","6","3",1,0.210903426445092
28,"White","6","3",2,0.0553892084717633
28,"White","6","3",4,0.539919252573015
28,"White","6","3",3,0.19378811251013
29,"White","6","4",2,0.062366362377741
29,"White","6","4",1,0.255379085073327
29,"White","6","4",4,0.477678697621501
29,"White","6","4",3,0.204575854927431
30,"White","6","5",2,0.0619424870718738
30,"White","6","5",3,0.204045764080151
30,"White","6","5",4,0.481636207784679
30,"White","6","5",1,0.252375541063296
31,"White","7","1",1,0.134508330486673
31,"White","7","1",2,0.0397565406593135
31,"White","7","1",4,0.668675541694521
31,"White","7","1",3,0.157059587159492
32,"White","7","2",4,0.612666893056072
32,"White","7","2",2,0.0466669242421205
32,"White","7","2",1,0.165479896861406
32,"White","7","2",3,0.175186285840401
33,"White","7","3",4,0.557014896998363
33,"White","7","3",2,0.0533801734300535
33,"White","7","3",3,0.189961854651622
33,"White","7","3",1,0.199643074919962
34,"White","7","4",2,0.0604970765243575
34,"White","7","4",3,0.202105532689292
34,"White","7","4",4,0.494923590432616
34,"White","7","4",1,0.242473800353735
35,"White","7","5",1,0.239573203283392
35,"White","7","5",2,0.0600596313141573
35,"White","7","5",4,0.498887510499335
35,"White","7","5",3,0.201479654903116
36,"White","8","1",4,0.700372512462523
36,"White","8","1",2,0.0358211504878614
36,"White","8","1",1,0.118308859630927
36,"White","8","1",3,0.145497477418688
37,"White","8","2",1,0.146180375252027
37,"White","8","2",2,0.0424545300133399
37,"White","8","2",4,0.646892562138486
37,"White","8","2",3,0.164472532596147
38,"White","8","3",3,0.180827321913106
38,"White","8","3",4,0.592890462508928
38,"White","8","3",2,0.0490769749804258
38,"White","8","3",1,0.17720524059754
39,"White","8","4",4,0.531599130357742
39,"White","8","4",3,0.195521397301498
39,"White","8","4",2,0.0563549572887969
39,"White","8","4",1,0.216524515051963
40,"White","8","5",1,0.213846706743462
40,"White","8","5",2,0.055897958821392
40,"White","8","5",3,0.194710003991117
40,"White","8","5",4,0.535545330444029
41,"Black","1","1",4,0.566590774344113
41,"Black","1","1",3,0.187667131904986
41,"Black","1","1",2,0.0522419906177892
41,"Black","1","1",1,0.193500103133112
42,"Black","1","2",4,0.506072308446666
42,"Black","1","2",3,0.200291171393454
42,"Black","1","2",1,0.234376592372467
42,"Black","1","2",2,0.0592599277874124
43,"Black","1","3",2,0.0653464536887918
43,"Black","1","3",1,0.2780247447337
43,"Black","1","3",3,0.207747086921301
43,"Black","1","3",4,0.448881714656207
44,"Black","1","4",2,0.0708433117345929
44,"Black","1","4",4,0.38827897989793
44,"Black","1","4",3,0.210155086716173
44,"Black","1","4",1,0.330722621651304
45,"Black","1","5",2,0.0705391359260316
45,"Black","1","5",1,0.327222359082606
45,"Black","1","5",3,0.21018674068385
45,"Black","1","5",4,0.392051764307512
46,"Black","2","1",4,0.58232468555369
46,"Black","2","1",1,0.183652521283897
46,"Black","2","1",2,0.0503547220056946
46,"Black","2","1",3,0.183668071156719
47,"Black","2","2",4,0.522150317318467
47,"Black","2","2",2,0.0574410211398659
47,"Black","2","2",3,0.197384665204608
47,"Black","2","2",1,0.223023996337059
48,"Black","2","3",2,0.0637173632842655
48,"Black","2","3",4,0.464852768922972
48,"Black","2","3",3,0.206139345609657
48,"Black","2","3",1,0.265290522183105
49,"Black","2","4",2,0.0695667996056614
49,"Black","2","4",1,0.316633267779281
49,"Black","2","4",3,0.210126770484367
49,"Black","2","4",4,0.40367316213069
50,"Black","2","5",4,0.407495884468544
50,"Black","2","5",1,0.31321233768284
50,"Black","2","5",2,0.0692358325043241
50,"Black","2","5",3,0.210055945344291
51,"Black","3","1",2,0.0481523714100168
51,"Black","3","1",1,0.172642253190367
51,"Black","3","1",4,0.600499031080095
51,"Black","3","1",3,0.178706344319522
52,"Black","3","2",2,0.0552773158306325
52,"Black","3","2",1,0.210261292855184
52,"Black","3","2",3,0.193582755304627
52,"Black","3","2",4,0.540878636009556
53,"Black","3","3",4,0.483605843639043
53,"Black","3","3",1,0.25089010987946
53,"Black","3","3",2,0.0617303563085103
53,"Black","3","3",3,0.203773690172987
54,"Black","3","4",2,0.0679424574955029
54,"Black","3","4",1,0.300586097349516
54,"Black","3","4",4,0.421903957471665
54,"Black","3","4",3,0.209567487683316
55,"Black","3","5",2,0.0675831644550572
55,"Black","3","5",1,0.297263124404875
55,"Black","3","5",3,0.209377655109043
55,"Black","3","5",4,0.425776056031024
56,"Black","4","1",2,0.0464343525139252
56,"Black","4","1",1,0.164376459783232
56,"Black","4","1",4,0.614566418480669
56,"Black","4","1",3,0.174622769222174
57,"Black","4","2",2,0.053560454495902
57,"Black","4","2",4,0.55549137431231
57,"Black","4","2",3,0.190317034805612
57,"Black","4","2",1,0.200631136386176
58,"Black","4","3",2,0.0601190218206819
58,"Black","4","3",1,0.239964537887537
58,"Black","4","3",3,0.201565648256856
58,"Black","4","3",4,0.498350792034925
59,"Black","4","4",4,0.436357325201477
59,"Black","4","4",1,0.28832936446301
59,"Black","4","4",2,0.0665778413957553
59,"Black","4","4",3,0.208735468939758
60,"Black","4","5",4,0.440261051004463
60,"Black","4","5",2,0.0661986693488522
60,"Black","4","5",3,0.208453620234658
60,"Black","4","5",1,0.285086659412027
61,"Black","5","1",2,0.0441123469252866
61,"Black","5","1",4,0.633462854729435
61,"Black","5","1",3,0.168815964177039
61,"Black","5","1",1,0.15360883416824
62,"Black","5","2",2,0.0512018797411168
62,"Black","5","2",1,0.188022989235611
62,"Black","5","2",3,0.185492628121261
62,"Black","5","2",4,0.575282502902011
63,"Black","5","3",4,0.518480706695701
63,"Black","5","3",1,0.225582128877611
63,"Black","5","3",2,0.057859528765507
63,"Black","5","3",3,0.198077635661181
64,"Black","5","4",2,0.0646015464233586
64,"Black","5","4",1,0.272085917351228
64,"Black","5","4",4,0.456260671768525
64,"Black","5","4",3,0.207051864456889
65,"Black","5","5",2,0.0641986415142664
65,"Black","5","5",1,0.268956854796885
65,"Black","5","5",3,0.206647426927062
65,"Black","5","5",4,0.460197076761787
66,"Black","6","1",4,0.654145205535585
66,"Black","6","1",1,0.142243347615837
66,"Black","6","1",2,0.0415572573700544
66,"Black","6","1",3,0.162054189478524
67,"Black","6","2",2,0.0485585608811083
67,"Black","6","2",1,0.174636585739668
67,"Black","6","2",4,0.597160050822893
67,"Black","6","2",3,0.179644802556331
68,"Black","6","3",2,0.0552690567457316
68,"Black","6","3",1,0.210213968512216
68,"Black","6","3",3,0.193567560457935
68,"Black","6","3",4,0.540949414284117
69,"Black","6","4",2,0.0622558174652081
69,"Black","6","4",1,0.254591142503035
69,"Black","6","4",4,0.478713668799474
69,"Black","6","4",3,0.204439371232283
70,"Black","6","5",2,0.061831045625656
70,"Black","6","5",4,0.48267182986239
70,"Black","6","5",3,0.203903390110516
70,"Black","6","5",1,0.251593734401438
71,"Black","7","1",2,0.0396426311351949
71,"Black","7","1",1,0.134026195523862
71,"Black","7","1",3,0.156737342122938
71,"Black","7","1",4,0.669593831218005
72,"Black","7","2",4,0.613650724184683
72,"Black","7","2",1,0.164907899130078
72,"Black","7","2",2,0.0465464885273824
72,"Black","7","2",3,0.174894888157857
73,"Black","7","3",4,0.558038113823696
73,"Black","7","3",2,0.0532589666748623
73,"Black","7","3",3,0.189721773992199
73,"Black","7","3",1,0.198981145509243
74,"Black","7","4",2,0.0603829182712381
74,"Black","7","4",4,0.495960447319424
74,"Black","7","4",3,0.20194388418118
74,"Black","7","4",1,0.241712750228158
75,"Black","7","5",2,0.0599447488034479
75,"Black","7","5",1,0.238818387074275
75,"Black","7","5",3,0.201312412028855
75,"Black","7","5",4,0.499924452093422
76,"Black","8","1",4,0.701242202282708
76,"Black","8","1",1,0.117876882096716
76,"Black","8","1",2,0.0357131418116535
76,"Black","8","1",3,0.145167773808922
77,"Black","8","2",1,0.145663444045156
77,"Black","8","2",2,0.0423374567868449
77,"Black","8","2",4,0.647839429030473
77,"Black","8","2",3,0.164159670137526
78,"Black","8","3",1,0.176601289975786
78,"Black","8","3",3,0.180551916893129
78,"Black","8","3",4,0.593891229281419
78,"Black","8","3",2,0.0489555638496659
79,"Black","8","4",2,0.0562355550645782
79,"Black","8","4",1,0.215821707240597
79,"Black","8","4",3,0.195310942308537
79,"Black","8","4",4,0.532631795386288
80,"Black","8","5",4,0.536576879719229
80,"Black","8","5",1,0.213150226053742
80,"Black","8","5",3,0.194494712738188
80,"Black","8","5",2,0.0557781814888404
81,"Hispanic","1","1",3,0.18532354831144
81,"Hispanic","1","1",4,0.575944256669091
81,"Hispanic","1","1",1,0.187609759592932
81,"Hispanic","1","1",2,0.0511224354265367
82,"Hispanic","1","2",4,0.515615285626935
82,"Hispanic","1","2",3,0.198606664004854
82,"Hispanic","1","2",1,0.227593072172663
82,"Hispanic","1","2",2,0.0581849781955477
83,"Hispanic","1","3",4,0.458347005102354
83,"Hispanic","1","3",2,0.0643884694658161
83,"Hispanic","1","3",1,0.270424131421006
83,"Hispanic","1","3",3,0.206840394010823
84,"Hispanic","1","4",2,0.0700991634238984
84,"Hispanic","1","4",3,0.210188490853205
84,"Hispanic","1","4",4,0.397387811496904
84,"Hispanic","1","4",1,0.322324534225992
85,"Hispanic","1","5",2,0.0697788151294932
85,"Hispanic","1","5",3,0.210159321133537
85,"Hispanic","1","5",1,0.318870807031353
85,"Hispanic","1","5",4,0.401191056705616
86,"Hispanic","2","1",1,0.177995788495907
86,"Hispanic","2","1",4,0.59158337452664
86,"Hispanic","2","1",2,0.0492354518862572
86,"Hispanic","2","1",3,0.181185385091196
87,"Hispanic","2","2",4,0.531670127481241
87,"Hispanic","2","2",2,0.0563467525403847
87,"Hispanic","2","2",3,0.19550697091808
87,"Hispanic","2","2",1,0.216476149060294
88,"Hispanic","2","3",4,0.474364961004907
88,"Hispanic","2","3",2,0.0627188073087958
88,"Hispanic","2","3",3,0.205002558450417
88,"Hispanic","2","3",1,0.25791367323588
89,"Hispanic","2","4",2,0.0687590877190794
89,"Hispanic","2","4",3,0.209913462667651
89,"Hispanic","2","4",1,0.308428078159897
89,"Hispanic","2","4",4,0.412899371453372
90,"Hispanic","2","5",1,0.305056224254748
90,"Hispanic","2","5",4,0.416748404709396
90,"Hispanic","2","5",2,0.0684133279181577
90,"Hispanic","2","5",3,0.209782043117698
91,"Hispanic","3","1",2,0.0470390090787463
91,"Hispanic","3","1",1,0.167255168941066
91,"Hispanic","3","1",4,0.609624922065038
91,"Hispanic","3","1",3,0.17608089991515
92,"Hispanic","3","2",2,0.05416751079868
92,"Hispanic","3","2",3,0.191496072226056
92,"Hispanic","3","2",1,0.203989774413018
92,"Hispanic","3","2",4,0.550346642562246
93,"Hispanic","3","3",1,0.24378082440324
93,"Hispanic","3","3",4,0.49314815219722
93,"Hispanic","3","3",2,0.0606921080223461
93,"Hispanic","3","3",3,0.202378915377194
94,"Hispanic","3","4",2,0.0670677033298068
94,"Hispanic","3","4",1,0.292618686746271
94,"Hispanic","3","4",4,0.431245515473666
94,"Hispanic","3","4",3,0.209068094450257
95,"Hispanic","3","5",2,0.0666953044777076
95,"Hispanic","3","5",3,0.208818525529531
95,"Hispanic","3","5",1,0.289347354867324
95,"Hispanic","3","5",4,0.435138815125437
96,"Hispanic","4","1",1,0.159197670322027
96,"Hispanic","4","1",4,0.62357240231894
96,"Hispanic","4","1",2,0.0453294777390794
96,"Hispanic","4","1",3,0.171900449619954
97,"Hispanic","4","2",2,0.052443513970972
97,"Hispanic","4","2",1,0.194576088552644
97,"Hispanic","4","2",4,0.564900447311842
97,"Hispanic","4","2",3,0.188079950164542
98,"Hispanic","4","3",2,0.0590553856167103
98,"Hispanic","4","3",3,0.199978206558963
98,"Hispanic","4","3",1,0.233068520356055
98,"Hispanic","4","3",4,0.507897887468272
99,"Hispanic","4","4",1,0.280556514483778
99,"Hispanic","4","4",4,0.445772134124827
99,"Hispanic","4","4",2,0.0656561628081462
99,"Hispanic","4","4",3,0.208015188583248
100,"Hispanic","4","5",4,0.449692887714285
100,"Hispanic","4","5",2,0.0652652450947418
100,"Hispanic","4","5",3,0.207674710375085
100,"Hispanic","4","5",1,0.277367156815888
101,"Hispanic","5","1",4,0.642284305803007
101,"Hispanic","5","1",2,0.0430239770399532
101,"Hispanic","5","1",3,0.165982803168583
101,"Hispanic","5","1",1,0.148708913988458
102,"Hispanic","5","2",2,0.0500819142445347
102,"Hispanic","5","2",3,0.183070454218927
102,"Hispanic","5","2",1,0.18226169546177
102,"Hispanic","5","2",4,0.584585936074768
103,"Hispanic","5","3",1,0.218980343803819
103,"Hispanic","5","3",4,0.528007539498308
103,"Hispanic","5","3",2,0.0567691735020641
103,"Hispanic","5","3",3,0.196242943195809
104,"Hispanic","5","4",2,0.0636240293693263
104,"Hispanic","5","4",1,0.264588159530159
104,"Hispanic","5","4",4,0.465750063956448
104,"Hispanic","5","4",3,0.206037747144067
105,"Hispanic","5","5",2,0.0632112595500223
105,"Hispanic","5","5",3,0.205576778015079
105,"Hispanic","5","5",1,0.261514345129053
105,"Hispanic","5","5",4,0.469697617305845
106,"Hispanic","6","1",1,0.137647011669453
106,"Hispanic","6","1",4,0.66273391121492
106,"Hispanic","6","1",2,0.0404932946818428
106,"Hispanic","6","1",3,0.159125782433784
107,"Hispanic","6","2",2,0.0474436781373567
107,"Hispanic","6","2",1,0.169199997419806
107,"Hispanic","6","2",4,0.606312210177598
107,"Hispanic","6","2",3,0.177044114265239
108,"Hispanic","6","3",2,0.0541592067945271
108,"Hispanic","6","3",3,0.191480121632363
108,"Hispanic","6","3",1,0.203943497103022
108,"Hispanic","6","3",4,0.550417174470088
109,"Hispanic","6","4",1,0.247411620601892
109,"Hispanic","6","4",4,0.488250716461302
109,"Hispanic","6","4",2,0.0612271131787826
109,"Hispanic","6","4",3,0.203110549758023
110,"Hispanic","6","5",2,0.0607945758470052
110,"Hispanic","6","5",1,0.244471017609765
110,"Hispanic","6","5",4,0.492213275430102
110,"Hispanic","6","5",3,0.202521131113128
111,"Hispanic","7","1",2,0.0386009772815452
111,"Hispanic","7","1",3,0.153756026945962
111,"Hispanic","7","1",1,0.129655246596309
111,"Hispanic","7","1",4,0.677987749176184
112,"Hispanic","7","2",1,0.159715566532786
112,"Hispanic","7","2",4,0.622664967174625
112,"Hispanic","7","2",2,0.0454409605776001
112,"Hispanic","7","2",3,0.172178505714989
113,"Hispanic","7","3",4,0.567435257389374
113,"Hispanic","7","3",2,0.0521412155186247
113,"Hispanic","7","3",3,0.187459653385251
113,"Hispanic","7","3",1,0.192963873706751
114,"Hispanic","7","4",4,0.50550789499066
114,"Hispanic","7","4",2,0.0593230577763791
114,"Hispanic","7","4",3,0.200387034601265
114,"Hispanic","7","4",1,0.234782012631696
115,"Hispanic","7","5",2,0.0588786978096818
115,"Hispanic","7","5",3,0.199704969321152
115,"Hispanic","7","5",1,0.231945255406912
115,"Hispanic","7","5",4,0.509471077462254
116,"Hispanic","8","1",1,0.113963294308469
116,"Hispanic","8","1",4,0.709181301920106
116,"Hispanic","8","1",2,0.0347273040331588
116,"Hispanic","8","1",3,0.142128099738265
117,"Hispanic","8","2",4,0.656502499349942
117,"Hispanic","8","2",1,0.140974757209334
117,"Hispanic","8","2",2,0.0412653747635935
117,"Hispanic","8","2",3,0.161257368677131
118,"Hispanic","8","3",2,0.0478393801529135
118,"Hispanic","8","3",4,0.603068289651339
118,"Hispanic","8","3",3,0.177976111045008
118,"Hispanic","8","3",1,0.17111621915074
119,"Hispanic","8","4",3,0.193314092127522
119,"Hispanic","8","4",4,0.542125900745739
119,"Hispanic","8","4",2,0.0551316885082186
119,"Hispanic","8","4",1,0.20942831861852
120,"Hispanic","8","5",3,0.192454451350426
120,"Hispanic","8","5",4,0.546059145157184
120,"Hispanic","8","5",1,0.206815104393642
120,"Hispanic","8","5",2,0.0546712990987478
121,"Asian","1","1",3,0.184457790066292
121,"Asian","1","1",2,0.0507186951383877
121,"Asian","1","1",4,0.579302928128593
121,"Asian","1","1",1,0.185520586666728
122,"Asian","1","2",1,0.225182070283005
122,"Asian","1","2",2,0.0577944123974845
122,"Asian","1","2",4,0.519052770484967
122,"Asian","1","2",3,0.197970746834544
123,"Asian","1","3",3,0.206479721195783
123,"Asian","1","3",1,0.267716662711377
123,"Asian","1","3",2,0.06403695377523
123,"Asian","1","3",4,0.46176666231761
124,"Asian","1","4",2,0.0698214099190433
124,"Asian","1","4",1,0.319324873790845
124,"Asian","1","4",3,0.210164610073495
124,"Asian","1","4",4,0.400689106216617
125,"Asian","1","5",2,0.0694954293557868
125,"Asian","1","5",3,0.21011352634932
125,"Asian","1","5",4,0.404502738454767
125,"Asian","1","5",1,0.315888305840126
126,"Asian","2","1",1,0.175990481792439
126,"Asian","2","1",2,0.0488324740764779
126,"Asian","2","1",4,0.594905301664384
126,"Asian","2","1",3,0.180271742466699
127,"Asian","2","2",4,0.535096406646383
127,"Asian","2","2",2,0.0559500446740874
127,"Asian","2","2",1,0.21415026310495
127,"Asian","2","2",3,0.194803285574579
128,"Asian","2","3",4,0.477798706701784
128,"Asian","2","3",2,0.0623535555252627
128,"Asian","2","3",3,0.204560107244589
128,"Asian","2","3",1,0.255287630528364
129,"Asian","2","4",2,0.0684592385828612
129,"Asian","2","4",3,0.209800799249272
129,"Asian","2","4",4,0.416240519741462
129,"Asian","2","4",1,0.305499442426405
130,"Asian","2","5",1,0.302145617375582
130,"Asian","2","5",2,0.0681083535358687
130,"Asian","2","5",4,0.42009841257233
130,"Asian","2","5",3,0.209647616516219
131,"Asian","3","1",4,0.612896127445066
131,"Asian","3","1",2,0.0466388666482903
131,"Asian","3","1",1,0.165346526379772
131,"Asian","3","1",3,0.175118479526872
132,"Asian","3","2",2,0.0537661168852659
132,"Asian","3","2",1,0.201763499302338
132,"Asian","3","2",4,0.553750968943105
132,"Asian","3","2",3,0.190719414869291
133,"Asian","3","3",1,0.241251899057694
133,"Asian","3","3",2,0.060313576776902
133,"Asian","3","3",4,0.496589411032126
133,"Asian","3","3",3,0.201845113133279
134,"Asian","3","4",2,0.066744685615249
134,"Asian","3","4",1,0.289777266458462
134,"Asian","3","4",4,0.434625219017742
134,"Asian","3","4",3,0.208852828908547
135,"Asian","3","5",2,0.0663677772432004
135,"Asian","3","5",3,0.208581884104266
135,"Asian","3","5",4,0.438525505088853
135,"Asian","3","5",1,0.286524833563681
136,"Asian","4","1",1,0.157363600884695
136,"Asian","4","1",2,0.0449328977991944
136,"Asian","4","1",4,0.626798281545189
136,"Asian","4","1",3,0.170905219770921
137,"Asian","4","2",2,0.0520402250451188
137,"Asian","4","2",1,0.192427715357206
137,"Asian","4","2",4,0.568281022820868
137,"Asian","4","2",3,0.187251036776807
138,"Asian","4","3",2,0.058668492714904
138,"Asian","4","3",3,0.199376439381918
138,"Asian","4","3",4,0.511338235258032
138,"Asian","4","3",1,0.230616832645146
139,"Asian","4","4",1,0.277786226138621
139,"Asian","4","4",2,0.0653170344787457
139,"Asian","4","4",4,0.449175773448924
139,"Asian","4","4",3,0.207720965933709
140,"Asian","4","5",4,0.453101989320236
140,"Asian","4","5",2,0.0649221008634175
140,"Asian","4","5",1,0.274616340106657
140,"Asian","4","5",3,0.20735956970969
141,"Asian","5","1",4,0.645441006446924
141,"Asian","5","1",2,0.0426339605285067
141,"Asian","5","1",3,0.164950473395263
141,"Asian","5","1",1,0.146974559629306
142,"Asian","5","2",2,0.049678395927001
142,"Asian","5","2",3,0.182177605059079
142,"Asian","5","2",4,0.587925133312563
142,"Asian","5","2",1,0.180218865701357
143,"Asian","5","3",1,0.216634991156203
143,"Asian","5","3",2,0.0563736915034969
143,"Asian","5","3",4,0.531436999161241
143,"Asian","5","3",3,0.195554318179059
144,"Asian","5","4",4,0.469177111636401
144,"Asian","5","4",2,0.0632658842535698
144,"Asian","5","4",1,0.261918144013267
144,"Asian","5","4",3,0.205638860096762
145,"Asian","5","5",2,0.0628497774077674
145,"Asian","5","5",1,0.258864429633443
145,"Asian","5","5",4,0.473127988120452
145,"Asian","5","5",3,0.205157804838337
146,"Asian","6","1",1,0.136021055641464
146,"Asian","6","1",2,0.0401126647311458
146,"Asian","6","1",4,0.665804049653862
146,"Asian","6","1",3,0.158062229973528
147,"Asian","6","2",2,0.0470428626377667
147,"Asian","6","2",1,0.167273619348243
147,"Asian","6","2",4,0.609593397694617
147,"Asian","6","2",3,0.176090120319374
148,"Asian","6","3",2,0.0537578000485806
148,"Asian","6","3",3,0.190703201113114
148,"Asian","6","3",4,0.55382139977748
148,"Asian","6","3",1,0.201717599060825
149,"Asian","6","4",1,0.244857225835868
149,"Asian","6","4",2,0.0608517561701407
149,"Asian","6","4",4,0.491690953057142
149,"Asian","6","4",3,0.20260006493685
150,"Asian","6","5",2,0.0604166350371624
150,"Asian","6","5",1,0.241937223029092
150,"Asian","6","5",4,0.495654390142207
150,"Asian","6","5",3,0.201991751791538
151,"Asian","7","1",2,0.0382287705266027
151,"Asian","7","1",3,0.152675688960446
151,"Asian","7","1",4,0.680985871490572
151,"Asian","7","1",1,0.128109669022379
152,"Asian","7","2",1,0.157876650895424
152,"Asian","7","2",2,0.0450441136257303
152,"Asian","7","2",4,0.625893957453421
152,"Asian","7","2",3,0.171185278025425
153,"Asian","7","3",4,0.57081110146951
153,"Asian","7","3",2,0.0517377488966081
153,"Asian","7","3",1,0.190829083882057
153,"Asian","7","3",3,0.186622065751825
154,"Asian","7","4",4,0.508948796999775
154,"Asian","7","4",2,0.0589373992085385
154,"Asian","7","4",3,0.199796043428952
154,"Asian","7","4",1,0.232317760362735
155,"Asian","7","5",2,0.0584910175450498
155,"Asian","7","5",3,0.199096160145943
155,"Asian","7","5",4,0.512910974642642
155,"Asian","7","5",1,0.229501847666365
156,"Asian","8","1",1,0.11258057898971
156,"Asian","8","1",2,0.0343758417283811
156,"Asian","8","1",4,0.712012359542361
156,"Asian","8","1",3,0.141031219739548
157,"Asian","8","2",4,0.659600226972538
157,"Asian","8","2",2,0.0408816479774624
157,"Asian","8","2",1,0.139315842664792
157,"Asian","8","2",3,0.160202282385208
158,"Asian","8","3",1,0.16917246691116
158,"Asian","8","3",2,0.0474379712647477
158,"Asian","8","3",4,0.606358960514845
158,"Asian","8","3",3,0.177030601309247
159,"Asian","8","4",3,0.192568754303393
159,"Asian","8","4",4,0.545541071163854
159,"Asian","8","4",2,0.0547320387230869
159,"Asian","8","4",1,0.207158135809666
160,"Asian","8","5",4,0.549469358904471
160,"Asian","8","5",3,0.191693969203794
160,"Asian","8","5",2,0.0542707531221121
160,"Asian","8","5",1,0.204565918769622
161,"Other","1","1",1,0.207883730104072
161,"Other","1","1",2,0.0548602136318354
161,"Other","1","1",3,0.192809075394799
161,"Other","1","1",4,0.544446980869293
162,"Other","1","2",4,0.483654315942303
162,"Other","1","2",3,0.203766925702565
162,"Other","1","2",2,0.0617251261792496
162,"Other","1","2",1,0.250853632175883
163,"Other","1","3",4,0.426807989154527
163,"Other","1","3",3,0.209322946074671
163,"Other","1","3",1,0.296382449914872
163,"Other","1","3",2,0.06748661485593
164,"Other","1","4",2,0.0724293791215924
164,"Other","1","4",1,0.350868889453447
164,"Other","1","4",3,0.209501950091485
164,"Other","1","4",4,0.367199781333475
165,"Other","1","5",2,0.0721662053700536
165,"Other","1","5",4,0.370891929971746
165,"Other","1","5",3,0.209675825721631
165,"Other","1","5",1,0.347266038936569
166,"Other","2","1",2,0.0529834298119412
166,"Other","2","1",1,0.197483381948038
166,"Other","2","1",3,0.18917217701456
166,"Other","2","1",4,0.560361011225461
167,"Other","2","2",4,0.49974070694633
167,"Other","2","2",1,0.238952020570087
167,"Other","2","2",2,0.0599651192683995
167,"Other","2","2",3,0.201342153215183
168,"Other","2","3",4,0.442624433408442
168,"Other","2","3",2,0.0659670367959976
168,"Other","2","3",3,0.20827138303291
168,"Other","2","3",1,0.28313714676265
169,"Other","2","4",2,0.0713147122216603
169,"Other","2","4",4,0.382280502542357
169,"Other","2","4",3,0.210052184645421
169,"Other","2","4",1,0.336352600590561
170,"Other","2","5",2,0.0710216950479677
170,"Other","2","5",1,0.332822383366578
170,"Other","2","5",3,0.210124138501083
170,"Other","2","5",4,0.386031783084371
171,"Other","3","1",4,0.578799793186053
171,"Other","3","1",1,0.185832685679977
171,"Other","3","1",2,0.0507792315276636
171,"Other","3","1",3,0.184588289606307
172,"Other","3","2",2,0.0578530701528124
172,"Other","3","2",1,0.225542414924864
172,"Other","3","2",4,0.51853746568062
172,"Other","3","2",3,0.198067049241703
173,"Other","3","3",2,0.064089861029623
173,"Other","3","3",1,0.268121519106668
173,"Other","3","3",3,0.20653493357062
173,"Other","3","3",4,0.461253686293089
174,"Other","3","4",4,0.400193531820448
174,"Other","3","4",1,0.319773694404836
174,"Other","3","4",2,0.0698633702175706
174,"Other","3","4",3,0.210169403557145
175,"Other","3","5",2,0.0695382273894886
175,"Other","3","5",1,0.316334541024898
175,"Other","3","5",4,0.40400562695932
175,"Other","3","5",3,0.210121604626294
176,"Other","4","1",2,0.0490499176950928
176,"Other","4","1",1,0.177070519018237
176,"Other","4","1",3,0.180766027732985
176,"Other","4","1",4,0.593113535553685
177,"Other","4","2",2,0.0561642823402097
177,"Other","4","2",1,0.215403265877061
177,"Other","4","2",4,0.533247654122102
177,"Other","4","2",3,0.195184797660627
178,"Other","4","3",2,0.0625510156868023
178,"Other","4","3",4,0.475945252472612
178,"Other","4","3",3,0.204801026996817
178,"Other","4","3",1,0.25670270484377
179,"Other","4","4",2,0.0686216251754457
179,"Other","4","4",1,0.307078077135401
179,"Other","4","4",3,0.209863953129955
179,"Other","4","4",4,0.414436344559199
180,"Other","4","5",4,0.418289497483471
180,"Other","4","5",1,0.303714500434903
180,"Other","4","5",2,0.0682734924463221
180,"Other","4","5",3,0.209722509635304
181,"Other","5","1",4,0.612398395508462
181,"Other","5","1",2,0.0466997843079758
181,"Other","5","1",3,0.175265636499108
181,"Other","5","1",1,0.165636183684454
182,"Other","5","2",2,0.05382731026522
182,"Other","5","2",4,0.553232623820829
182,"Other","5","2",3,0.190838560778605
182,"Other","5","2",1,0.202101505135346
183,"Other","5","3",2,0.0603713862219971
183,"Other","5","3",1,0.241636032730045
183,"Other","5","3",3,0.201927488250389
183,"Other","5","3",4,0.496065092797568
184,"Other","5","4",4,0.434109907229374
184,"Other","5","4",1,0.29020911223702
184,"Other","5","4",2,0.0667941543861756
184,"Other","5","4",3,0.208886826147431
185,"Other","5","5",2,0.0664179256703762
185,"Other","5","5",1,0.286953790694754
185,"Other","5","5",4,0.438009151541078
185,"Other","5","5",3,0.208619132093792
186,"Other","6","1",2,0.0440976865810502
186,"Other","6","1",1,0.153542231272421
186,"Other","6","1",3,0.168778269782783
186,"Other","6","1",4,0.633581812363745
187,"Other","6","2",4,0.575407686501788
187,"Other","6","2",1,0.187944778181329
187,"Other","6","2",2,0.0511868539698661
187,"Other","6","2",3,0.185460681347017
188,"Other","6","3",2,0.0578449725262839
188,"Other","6","3",1,0.225492633239751
188,"Other","6","3",4,0.518608622748681
188,"Other","6","3",3,0.198053771485284
189,"Other","6","4",2,0.0645885946134512
189,"Other","6","4",1,0.271984451864597
189,"Other","6","4",3,0.207039166875712
189,"Other","6","4",4,0.456387786646239
190,"Other","6","5",2,0.0641855514441307
190,"Other","6","5",1,0.268856125201984
190,"Other","6","5",4,0.460324359882254
190,"Other","6","5",3,0.206633963471631
191,"Other","7","1",2,0.0421374370134709
191,"Other","7","1",4,0.649456743827439
191,"Other","7","1",3,0.163623283480837
191,"Other","7","1",1,0.144782535678253
192,"Other","7","2",2,0.0491630438234718
192,"Other","7","2",1,0.17763427474805
192,"Other","7","2",3,0.181021985950951
192,"Other","7","2",4,0.592180695477527
193,"Other","7","3",4,0.535815341372699
193,"Other","7","3",1,0.213664261121587
193,"Other","7","3",2,0.0558666192657465
193,"Other","7","3",3,0.194653778239968
194,"Other","7","4",4,0.473560925115088
194,"Other","7","4",2,0.0628039753249541
194,"Other","7","4",3,0.2051037194856
194,"Other","7","4",1,0.258531380074358
195,"Other","7","5",2,0.0623837724243489
195,"Other","7","5",4,0.477515508802382
195,"Other","7","5",3,0.20459723576324
195,"Other","7","5",1,0.255503483010028
196,"Other","8","1",2,0.0380881713509745
196,"Other","8","1",1,0.127528017448329
196,"Other","8","1",3,0.152265541672177
196,"Other","8","1",4,0.68211826952852
197,"Other","8","2",4,0.62711483274657
197,"Other","8","2",1,0.157184214199691
197,"Other","8","2",2,0.0448939602382286
197,"Other","8","2",3,0.170806992815511
198,"Other","8","3",1,0.190024732462901
198,"Other","8","3",2,0.0515847876623365
198,"Other","8","3",4,0.572088838447793
198,"Other","8","3",3,0.186301641426969
199,"Other","8","4",1,0.231388539874545
199,"Other","8","4",3,0.199568001685781
199,"Other","8","4",4,0.510252688908751
199,"Other","8","4",2,0.058790769530923
200,"Other","8","5",2,0.0583436504279749
200,"Other","8","5",1,0.228580536600421
200,"Other","8","5",3,0.198861425240703
200,"Other","8","5",4,0.514214387730901
